,COUNTRY,ISO3,WHO_REGION,DATA_SOURCE,DATE_UPDATED,TOTAL_VACCINATIONS,PERSONS_VACCINATED_1PLUS_DOSE,TOTAL_VACCINATIONS_PER100,PERSONS_VACCINATED_1PLUS_DOSE_PER100,PERSONS_FULLY_VACCINATED,PERSONS_FULLY_VACCINATED_PER100,VACCINES_USED,FIRST_VACCINE_DATE,NUMBER_VACCINES_TYPES_USED
0,Afghanistan,AFG,EMRO,REPORTING,2021-09-16,2367948.0,956131.0,6.083,2.456,1411817.0,3.627,"Beijing CNBG - BBIBP-CorV,Janssen - Ad26.COV 2.5,Pfizer BioNTech - Comirnaty,SII - Covishield",2021-02-22,4.0
1,Albania,ALB,EURO,OWID,2021-09-24,1693555.0,932595.0,58.849,32.407,760960.0,26.442,"AstraZeneca - AZD1222, Pfizer BioNTech - Comirnaty, Sinovac - CoronaVac, Gamaleya - Sputnik V",,4.0
2,Algeria,DZA,AFRO,REPORTING,2021-09-25,14082920.0,6017036.0,32.115,13.722,4032942.0,9.197,"Beijing CNBG - BBIBP-CorV,Gamaleya - Sputnik V,SII - Covishield",2021-01-30,3.0
3,American Samoa,ASM,WPRO,REPORTING,2021-09-14,58228.0,32223.0,105.491,58.378,26551.0,48.102,"Janssen - Ad26.COV 2.5,Moderna - mRNA-1273,Pfizer BioNTech - Comirnaty",2020-12-21,3.0
4,Andorra,AND,EURO,OWID,2021-08-29,93430.0,51599.0,120.922,66.782,41831.0,54.14,"AstraZeneca - AZD1222, Pfizer BioNTech - Comirnaty",,2.0
5,Angola,AGO,AFRO,REPORTING,2021-09-26,3134137.0,2127405.0,9.536,6.473,1006732.0,3.063,SII - Covishield,2021-03-10,1.0
6,Anguilla,AIA,AMRO,REPORTING,2021-09-24,18584.0,9498.0,123.877,63.312,9086.0,60.565,AstraZeneca - Vaxzevria,2021-02-05,1.0
7,Antigua and Barbuda,ATG,AMRO,REPORTING,2021-09-24,86542.0,47960.0,88.372,48.974,38582.0,39.398,"AstraZeneca - Vaxzevria,Beijing CNBG - BBIBP-CorV,Gamaleya - Sputnik V,Janssen - Ad26.COV 2.5,Pfizer BioNTech - Comirnaty,SII - Covishield",2021-02-19,6.0
8,Argentina,ARG,AMRO,REPORTING,2021-09-24,50277880.0,29308961.0,111.245,64.849,21003681.0,46.473,"AstraZeneca - Vaxzevria,Beijing CNBG - BBIBP-CorV,CanSino - Ad5-nCOV,Gamaleya - Sputnik V,Moderna - mRNA-1273,Pfizer BioNTech - Comirnaty,SII - Covishield",2020-12-29,7.0
9,Armenia,ARM,EURO,OWID,2021-09-19,366779.0,237454.0,12.378,8.013,129325.0,4.364,"AstraZeneca - AZD1222, Sinovac - CoronaVac, Gamaleya - Sputnik V",,3.0
10,Aruba,ABW,AMRO,REPORTING,2021-09-24,154834.0,80770.0,145.022,75.651,74064.0,69.37,"Janssen - Ad26.COV 2.5,Pfizer BioNTech - Comirnaty",2021-02-17,2.0
11,Australia,AUS,WPRO,REPORTING,2021-09-11,22669372.0,13907333.0,88.9,54.539,8720390.0,34.198,"AstraZeneca - Vaxzevria,Novavax - Covavax,Pfizer BioNTech - Comirnaty",2021-02-21,3.0
12,Austria,AUT,EURO,OWID,2021-09-25,10790751.0,5706093.0,121.23,64.106,5388466.0,60.537,"Janssen - Ad26.COV 2.5, Moderna - mRNA-1273, AstraZeneca - AZD1222, Pfizer BioNTech - Comirnaty",,4.0
13,Azerbaijan,AZE,EURO,OWID,2021-09-26,8349945.0,4713750.0,82.353,46.49,3636195.0,35.863,"AstraZeneca - AZD1222, Sinovac - CoronaVac, Gamaleya - Sputnik V",,3.0
14,Bahamas,BHS,AMRO,REPORTING,2021-09-24,184461.0,114333.0,46.908,29.074,70128.0,17.833,"AstraZeneca - Vaxzevria,Janssen - Ad26.COV 2.5,Pfizer BioNTech - Comirnaty,SII - Covishield",2021-03-14,4.0
15,Bahrain,BHR,EMRO,REPORTING,2021-09-25,2553691.0,1163222.0,150.078,68.361,1109912.0,65.229,"AstraZeneca - Vaxzevria,Beijing CNBG - BBIBP-CorV,Gamaleya - Sputnik V,Janssen - Ad26.COV 2.5,Moderna - mRNA-1273,Pfizer BioNTech - Comirnaty,SII - Covishield",2020-11-04,7.0
16,Bangladesh,BGD,SEARO,REPORTING,2021-09-21,38430617.0,23167924.0,23.335,14.068,15262693.0,9.268,"AstraZeneca - Vaxzevria,Beijing CNBG - BBIBP-CorV,Gamaleya - Sputnik V,Janssen - Ad26.COV 2.5,Moderna - mRNA-1273,Pfizer BioNTech - Comirnaty,SII - Covishield,Sinovac - CoronaVac",2021-01-27,8.0
17,Barbados,BRB,AMRO,REPORTING,2021-09-24,228890.0,128969.0,79.649,44.878,99921.0,34.77,"AstraZeneca - Vaxzevria,Beijing CNBG - BBIBP-CorV,Pfizer BioNTech - Comirnaty,SII - Covishield",2021-02-10,4.0
18,Belarus,BLR,EURO,OWID,2021-09-19,3389520.0,1877399.0,35.871,19.868,1512121.0,16.002,"Beijing CNBG - Inactivated, Gamaleya - Sputnik V",,2.0
19,Belgium,BEL,EURO,OWID,2021-09-23,16530367.0,8552077.0,143.462,74.221,8355805.0,72.518,"Janssen - Ad26.COV 2.5, Moderna - mRNA-1273, AstraZeneca - AZD1222, Pfizer BioNTech - Comirnaty",,4.0
20,Belize,BLZ,AMRO,REPORTING,2021-09-24,293681.0,194279.0,73.858,48.859,107915.0,27.14,"AstraZeneca - Vaxzevria,Beijing CNBG - BBIBP-CorV,Janssen - Ad26.COV 2.5,Pfizer BioNTech - Comirnaty,SII - Covishield",2021-03-01,5.0
21,Benin,BEN,AFRO,REPORTING,2021-09-27,226269.0,62089.0,1.866,0.512,164180.0,1.354,"SII - Covishield,Sinovac - CoronaVac",2021-03-29,2.0
22,Bermuda,BMU,AMRO,REPORTING,2021-09-24,86676.0,43855.0,139.187,70.424,42821.0,68.763,"AstraZeneca - Vaxzevria,Pfizer BioNTech - Comirnaty",2021-01-11,2.0
23,Bhutan,BTN,SEARO,REPORTING,2021-09-19,1068414.0,574135.0,138.466,74.408,494279.0,64.058,"AstraZeneca - Vaxzevria,Beijing CNBG - BBIBP-CorV,Moderna - mRNA-1273,Pfizer BioNTech - Comirnaty,SII - Covishield",2021-03-27,5.0
24,Bolivia (Plurinational State of),BOL,AMRO,REPORTING,2021-09-24,6601529.0,4235363.0,56.554,36.283,3219232.0,27.578,"Beijing CNBG - BBIBP-CorV,Gamaleya - Sputnik V,Janssen - Ad26.COV 2.5,Pfizer BioNTech - Comirnaty,SII - Covishield",2021-01-30,5.0
25,Bonaire,XAA,AMRO,REPORTING,2021-09-24,29334.0,15615.0,140.253,74.659,13719.0,65.594,,,
26,"Bonaire, Sint Eustatius and Saba",BES,AMRO,REPORTING,2021-04-09,7391.0,5726.0,28.441,22.034,2965.0,11.41,"Moderna - mRNA-1273,Pfizer BioNTech - Comirnaty",2021-02-22,2.0
27,Bosnia and Herzegovina,BIH,EURO,OWID,2021-09-07,1060145.0,634063.0,32.313,19.326,426082.0,12.987,"AstraZeneca - AZD1222, Pfizer BioNTech - Comirnaty, Sinovac - CoronaVac, Gamaleya - Sputnik V",,4.0
28,Botswana,BWA,AFRO,REPORTING,2021-09-20,379684.0,408579.0,16.146,17.374,336014.0,14.289,"Moderna - mRNA-1273,Pfizer BioNTech - Comirnaty,SII - Covishield,Sinovac - CoronaVac",2021-03-26,4.0
29,Brazil,BRA,AMRO,REPORTING,2021-09-24,216763268.0,141640310.0,101.978,66.636,79668443.0,37.481,"AstraZeneca - Vaxzevria,Janssen - Ad26.COV 2.5,Pfizer BioNTech - Comirnaty,SII - Covishield,Sinovac - CoronaVac",2021-01-17,5.0
30,British Virgin Islands,VGB,AMRO,REPORTING,2021-09-24,32398.0,17439.0,107.147,57.674,14959.0,49.473,"AstraZeneca - Vaxzevria,Janssen - Ad26.COV 2.5",2021-02-11,2.0
31,Brunei Darussalam,BRN,WPRO,REPORTING,2021-09-10,370287.0,235380.0,84.641,53.804,134907.0,30.837,"AstraZeneca - Vaxzevria,Beijing CNBG - BBIBP-CorV,Janssen - Ad26.COV 2.5,Moderna - mRNA-1273,Pfizer BioNTech - Comirnaty",2021-04-03,5.0
32,Bulgaria,BGR,EURO,OWID,2021-09-26,2508560.0,,36.087,,1309135.0,18.832,"Janssen - Ad26.COV 2.5, Moderna - mRNA-1273, AstraZeneca - AZD1222, Pfizer BioNTech - Comirnaty",,4.0
33,Burkina Faso,BFA,AFRO,REPORTING,2021-09-22,254545.0,234490.0,1.218,1.122,168141.0,0.804,SII - Covishield,2021-06-02,1.0
34,Cabo Verde,CPV,AFRO,REPORTING,2021-09-26,414300.0,284115.0,74.516,51.101,130185.0,23.415,"Pfizer BioNTech - Comirnaty,SII - Covishield",2021-03-18,2.0
35,Cambodia,KHM,WPRO,REPORTING,2021-09-10,20554497.0,11406989.0,122.941,68.228,9350408.0,55.927,"AstraZeneca - Vaxzevria,Beijing CNBG - BBIBP-CorV,Janssen - Ad26.COV 2.5,SII - Covishield,Sinovac - CoronaVac",2021-02-10,5.0
36,Cameroon,CMR,AFRO,REPORTING,2021-09-27,461201.0,377791.0,1.737,1.423,83410.0,0.314,"Beijing CNBG - BBIBP-CorV,SII - Covishield",2021-04-12,2.0
37,Canada,CAN,AMRO,REPORTING,2021-09-24,55577143.0,28928703.0,147.255,76.648,26648440.0,70.607,"Moderna - mRNA-1273,Pfizer BioNTech - Comirnaty,SII - Covishield",2020-12-14,3.0
38,Cayman Islands,CYM,AMRO,REPORTING,2021-09-24,105823.0,54852.0,161.021,83.463,50962.0,77.544,Pfizer BioNTech - Comirnaty,2021-01-15,1.0
39,Central African Republic,CAF,AFRO,REPORTING,2021-09-23,187160.0,82662.0,3.875,1.712,104498.0,2.164,"Bharat - Covaxin,SII - Covishield",2021-03-19,2.0
40,Chad,TCD,AFRO,REPORTING,2021-09-26,142548.0,113135.0,0.868,0.689,29413.0,0.179,Beijing CNBG - BBIBP-CorV,2021-06-04,1.0
41,Chile,CHL,AMRO,REPORTING,2021-09-24,31345528.0,14909861.0,163.974,77.996,14082221.0,73.666,"AstraZeneca - Vaxzevria,CanSino - Ad5-nCOV,Pfizer BioNTech - Comirnaty,Sinovac - CoronaVac",2020-12-21,4.0
42,China,CHN,WPRO,REPORTING,2021-09-10,2143864359.0,1099627432.0,145.714,74.739,973716927.0,66.181,"Anhui ZL - Recombinant,Beijing CNBG - BBIBP-CorV,CanSino - Ad5-nCOV,Pfizer BioNTech - Comirnaty,Sinovac - CoronaVac,Wuhan CNBG - Inactivated",2020-07-22,6.0
43,Colombia,COL,AMRO,REPORTING,2021-09-24,39057913.0,25518294.0,76.76,50.151,16353229.0,32.139,"AstraZeneca - Vaxzevria,Janssen - Ad26.COV 2.5,Moderna - mRNA-1273,Pfizer BioNTech - Comirnaty,Sinovac - CoronaVac",2021-02-17,5.0
44,Comoros,COM,AFRO,REPORTING,2021-09-22,336863.0,174765.0,38.738,20.097,162098.0,18.641,"Beijing CNBG - BBIBP-CorV,Bharat - Covaxin,SII - Covishield",2021-04-10,3.0
45,Congo,COG,AFRO,REPORTING,2021-09-27,228760.0,120077.0,4.146,2.176,108683.0,1.97,"Beijing CNBG - BBIBP-CorV,Gamaleya - Sputnik V,Moderna - mRNA-1273,SII - Covishield",2021-03-23,4.0
46,Cook Islands,COK,WPRO,REPORTING,2021-08-03,21761.0,11416.0,123.895,64.997,10345.0,58.899,Pfizer BioNTech - Comirnaty,2021-05-17,1.0
47,Costa Rica,CRI,AMRO,REPORTING,2021-09-24,5278479.0,3274512.0,103.619,64.28,2003967.0,39.339,"AstraZeneca - Vaxzevria,Pfizer BioNTech - Comirnaty",2020-12-24,2.0
48,Côte d’Ivoire,CIV,AFRO,REPORTING,2021-09-22,1836904.0,1462682.0,6.964,5.545,374222.0,1.419,"Beijing CNBG - BBIBP-CorV,Gamaleya - Sputnik V,SII - Covishield",2021-03-01,3.0
49,Croatia,HRV,EURO,OWID,2021-09-25,3407385.0,1805370.0,83.964,44.487,1693075.0,41.72,"Moderna - mRNA-1273, AstraZeneca - AZD1222, Pfizer BioNTech - Comirnaty",,3.0
50,Cuba,CUB,AMRO,REPORTING,2021-09-24,19380806.0,8715714.0,171.109,76.949,5876682.0,51.884,"Abdala, Soberana02",,2.0
51,Curaçao,CUW,AMRO,REPORTING,2021-09-24,186229.0,97531.0,113.49,59.436,88698.0,54.053,"AstraZeneca - Vaxzevria,Moderna - mRNA-1273,Pfizer BioNTech - Comirnaty",2021-02-24,3.0
52,Cyprus,CYP,EURO,OWID,2021-09-23,1146345.0,592694.0,129.092,66.744,547741.0,61.682,"Janssen - Ad26.COV 2.5, Moderna - mRNA-1273, AstraZeneca - AZD1222, Pfizer BioNTech - Comirnaty",,4.0
53,Czechia,CZE,EURO,OWID,2021-09-26,11776675.0,6069823.0,110.125,56.759,5938389.0,55.53,"Janssen - Ad26.COV 2.5, Moderna - mRNA-1273, AstraZeneca - AZD1222, Pfizer BioNTech - Comirnaty",,4.0
54,Democratic Republic of the Congo,COD,AFRO,REPORTING,2021-09-24,134945.0,89522.0,0.151,0.1,40264.0,0.045,SII - Covishield,2021-04-19,1.0
55,Denmark,DNK,EURO,OWID,2021-09-23,8754137.0,4448856.0,150.343,76.405,4351629.0,74.735,"Janssen - Ad26.COV 2.5, Moderna - mRNA-1273, Pfizer BioNTech - Comirnaty",,3.0
56,Djibouti,DJI,EMRO,REPORTING,2021-09-18,66010.0,40689.0,6.681,4.118,26087.0,2.64,"Beijing CNBG - BBIBP-CorV,Gamaleya - Sputnik V,Janssen - Ad26.COV 2.5,Pfizer BioNTech - Comirnaty,SII - Covishield,Sinovac - CoronaVac",2021-03-15,6.0
57,Dominica,DMA,AMRO,REPORTING,2021-09-24,44624.0,23615.0,61.986,32.803,21009.0,29.183,"AstraZeneca - Vaxzevria,Beijing CNBG - BBIBP-CorV,Pfizer BioNTech - Comirnaty,SII - Covishield",2021-02-12,4.0
58,Dominican Republic,DOM,AMRO,REPORTING,2021-09-24,11774063.0,6024702.0,108.538,55.538,4860422.0,44.805,"AstraZeneca - Vaxzevria,SII - Covishield,Sinovac - CoronaVac",2021-02-16,3.0
59,Ecuador,ECU,AMRO,REPORTING,2021-09-24,20532260.0,11050419.0,116.376,62.633,9833158.0,55.734,"AstraZeneca - Vaxzevria,CanSino - Ad5-nCOV,Pfizer BioNTech - Comirnaty,Sinovac - CoronaVac",2021-01-21,4.0
60,Egypt,EGY,EMRO,REPORTING,2021-09-23,15057720.0,9593247.0,14.714,9.374,4805587.0,4.696,"AstraZeneca - Vaxzevria,Beijing CNBG - BBIBP-CorV,Gamaleya - Sputnik V,Janssen - Ad26.COV 2.5,Pfizer BioNTech - Comirnaty,Sinovac - CoronaVac",2021-01-24,6.0
61,El Salvador,SLV,AMRO,REPORTING,2021-09-24,7297994.0,4007200.0,112.516,61.78,3290794.0,50.735,"AstraZeneca - Vaxzevria,Moderna - mRNA-1273,Pfizer BioNTech - Comirnaty,SII - Covishield,Sinovac - CoronaVac",2021-02-17,5.0
62,Equatorial Guinea,GNQ,AFRO,REPORTING,2021-09-23,387510.0,223122.0,27.62,15.903,164388.0,11.717,"Beijing CNBG - BBIBP-CorV,Sinovac - CoronaVac",2021-02-12,2.0
63,Estonia,EST,EURO,OWID,2021-09-25,1357907.0,754795.0,102.177,56.795,603112.0,45.382,"Janssen - Ad26.COV 2.5, Moderna - mRNA-1273, AstraZeneca - AZD1222, Pfizer BioNTech - Comirnaty",,4.0
64,Eswatini,SWZ,AFRO,REPORTING,2021-09-24,240002.0,208925.0,20.687,18.008,201803.0,17.394,SII - Covishield,2021-03-19,1.0
65,Ethiopia,ETH,AFRO,REPORTING,2021-09-26,3535329.0,2046027.0,3.075,1.78,1489302.0,1.295,"Beijing CNBG - BBIBP-CorV,Bharat - Covaxin,SII - Covishield",2021-03-13,3.0
66,Falkland Islands (Malvinas),FLK,AMRO,OWID,2021-04-14,4407.0,2632.0,126.529,75.567,1775.0,50.962,AstraZeneca - AZD1222,,1.0
67,Faroe Islands,FRO,EURO,OWID,2021-09-23,73872.0,37886.0,151.176,77.532,35986.0,73.644,"Moderna - mRNA-1273, Pfizer BioNTech - Comirnaty",,2.0
68,Fiji,FJI,WPRO,REPORTING,2021-09-10,907249.0,568998.0,101.205,63.473,338251.0,37.732,"AstraZeneca - Vaxzevria,Moderna - mRNA-1273,SII - Covishield",2021-03-07,3.0
69,Finland,FIN,EURO,OWID,2021-09-26,7516670.0,4125076.0,136.041,74.658,3391594.0,61.383,"Moderna - mRNA-1273, AstraZeneca - AZD1222, Pfizer BioNTech - Comirnaty",,3.0
70,France,FRA,EURO,OWID,2021-09-23,93817818.0,50069397.0,144.248,76.983,43892734.0,67.486,"Janssen - Ad26.COV 2.5, Moderna - mRNA-1273, AstraZeneca - AZD1222, Pfizer BioNTech - Comirnaty",,4.0
71,French Guiana,GUF,AMRO,REPORTING,2021-09-24,143779.0,77901.0,48.138,26.082,65878.0,22.056,"Moderna - mRNA-1273,Pfizer BioNTech - Comirnaty",2021-01-13,2.0
72,French Polynesia,PYF,WPRO,REPORTING,2021-09-09,235567.0,147213.0,83.859,52.406,124635.0,44.369,"Janssen - Ad26.COV 2.5,Pfizer BioNTech - Comirnaty",2021-01-18,2.0
73,Gabon,GAB,AFRO,REPORTING,2021-09-20,180320.0,102256.0,8.102,4.594,78064.0,3.507,Beijing CNBG - BBIBP-CorV,2021-03-23,1.0
74,Gambia,GMB,AFRO,REPORTING,2021-09-21,207195.0,183739.0,8.574,7.603,170920.0,7.073,"Beijing CNBG - BBIBP-CorV,SII - Covishield",2021-03-10,2.0
75,Georgia,GEO,EURO,OWID,2021-09-26,1749457.0,971836.0,43.855,24.362,777621.0,19.493,"AstraZeneca - AZD1222, Pfizer BioNTech - Comirnaty, Beijing CNBG - Inactivated, Sinovac - CoronaVac",,4.0
76,Germany,DEU,EURO,OWID,2021-09-24,106863393.0,56279314.0,128.493,67.67,53134571.0,63.889,"Janssen - Ad26.COV 2.5, Moderna - mRNA-1273, AstraZeneca - AZD1222, Pfizer BioNTech - Comirnaty",,4.0
77,Ghana,GHA,AFRO,REPORTING,2021-09-20,1623582.0,865422.0,5.225,2.785,758160.0,2.44,"Gamaleya - Sputnik V,SII - Covishield",2021-03-02,2.0
78,Gibraltar,GIB,EURO,OWID,2021-09-25,79502.0,39927.0,235.974,118.509,39575.0,117.465,Pfizer BioNTech - Comirnaty,,1.0
79,Greece,GRC,EURO,OWID,2021-09-26,12041797.0,6417215.0,112.345,59.87,6056118.0,56.501,"Janssen - Ad26.COV 2.5, Moderna - mRNA-1273, AstraZeneca - AZD1222, Pfizer BioNTech - Comirnaty",,4.0
80,Greenland,GRL,EURO,OWID,2021-09-24,77822.0,41196.0,137.078,72.564,36626.0,64.514,Moderna - mRNA-1273,,1.0
81,Grenada,GRD,AMRO,REPORTING,2021-09-24,55663.0,33132.0,49.468,29.445,22531.0,20.023,"AstraZeneca - Vaxzevria,Pfizer BioNTech - Comirnaty,SII - Covishield",2021-02-15,3.0
82,Guadeloupe,GLP,AMRO,REPORTING,2021-09-24,208593.0,123358.0,52.132,30.83,84495.0,21.117,"AstraZeneca - Vaxzevria,Moderna - mRNA-1273,Pfizer BioNTech - Comirnaty",2021-01-08,5.0
83,Guam,GUM,WPRO,REPORTING,2021-09-14,220574.0,122191.0,130.691,72.399,107124.0,63.471,"Janssen - Ad26.COV 2.5,Moderna - mRNA-1273,Pfizer BioNTech - Comirnaty",2021-01-04,3.0
84,Guatemala,GTM,AMRO,REPORTING,2021-09-24,6424045.0,4260633.0,35.857,23.782,2163412.0,12.076,"AstraZeneca - Vaxzevria,Gamaleya - Sputnik V,Moderna - mRNA-1273,Pfizer BioNTech - Comirnaty,SII - Covishield",2021-02-25,5.0
85,Guernsey,GGY,EURO,OWID,2021-09-24,101759.0,,157.844,,,,"Moderna - mRNA-1273, AstraZeneca - AZD1222, Pfizer BioNTech - Comirnaty",,3.0
86,Guinea,GIN,AFRO,REPORTING,2021-09-26,1699898.0,1164005.0,12.944,8.863,535893.0,4.081,"Beijing CNBG - BBIBP-CorV,Gamaleya - Sputnik V,Janssen - Ad26.COV 2.5,Pfizer BioNTech - Comirnaty,SII - Covishield,Sinovac - CoronaVac",2021-03-05,6.0
87,Guinea-Bissau,GNB,AFRO,REPORTING,2021-09-22,94715.0,87231.0,4.813,4.432,7484.0,0.38,"Beijing CNBG - BBIBP-CorV,SII - Covishield",2021-04-02,2.0
88,Guyana,GUY,AMRO,REPORTING,2021-09-24,533843.0,351981.0,67.871,44.75,181862.0,23.121,"AstraZeneca - Vaxzevria,Beijing CNBG - BBIBP-CorV,Gamaleya - Sputnik V,Moderna - mRNA-1273,Pfizer BioNTech - Comirnaty,SII - Covishield",2021-02-11,6.0
89,Haiti,HTI,AMRO,REPORTING,2021-09-24,64799.0,45419.0,0.568,0.398,19721.0,0.173,"Janssen - Ad26.COV 2.5,Moderna - mRNA-1273",,2.0
90,Honduras,HND,AMRO,REPORTING,2021-09-24,5196072.0,3207579.0,52.461,32.385,1988868.0,20.08,"AstraZeneca - Vaxzevria,Gamaleya - Sputnik V,Janssen - Ad26.COV 2.5,Moderna - mRNA-1273,Pfizer BioNTech - Comirnaty,SII - Covishield",2021-02-26,6.0
91,Hungary,HUN,EURO,OWID,2021-09-26,,5879178.0,,60.179,5630587.0,57.634,"Janssen - Ad26.COV 2.5, Moderna - mRNA-1273, AstraZeneca - AZD1222, Pfizer BioNTech - Comirnaty, Beijing CNBG - Inactivated, Gamaleya - Sputnik V",,6.0
92,Iceland,ISL,EURO,OWID,2021-09-23,551110.0,281440.0,151.348,77.29,275493.0,75.657,"Janssen - Ad26.COV 2.5, Moderna - mRNA-1273, AstraZeneca - AZD1222, Pfizer BioNTech - Comirnaty",,4.0
93,India,IND,SEARO,REPORTING,2021-09-21,818513827.0,609568160.0,59.312,44.171,208945667.0,15.141,"Bharat - Covaxin,Gamaleya - Sputnik V,Janssen - Ad26.COV 2.5,Moderna - mRNA-1273,SII - Covishield",2021-01-16,5.0
94,Indonesia,IDN,SEARO,REPORTING,2021-09-21,127209288.0,81083498.0,46.508,29.644,46125790.0,16.864,"AstraZeneca - Vaxzevria,Beijing CNBG - BBIBP-CorV,Moderna - mRNA-1273,Pfizer BioNTech - Comirnaty,Sinovac - CoronaVac",2021-01-13,5.0
95,Iran (Islamic Republic of),IRN,EMRO,REPORTING,2021-09-20,43372270.0,29526662.0,51.638,35.154,13961491.0,16.622,"AstraZeneca - Vaxzevria,Beijing CNBG - BBIBP-CorV,Bharat - Covaxin,Gamaleya - Sputnik V",2021-02-09,4.0
96,Iraq,IRQ,EMRO,REPORTING,2021-09-23,7448300.0,4585095.0,18.518,11.399,2486604.0,6.182,"AstraZeneca - Vaxzevria,Beijing CNBG - BBIBP-CorV,Gamaleya - Sputnik V,Pfizer BioNTech - Comirnaty",2021-03-02,4.0
97,Ireland,IRL,EURO,OWID,2021-09-25,7186369.0,3764110.0,144.757,75.821,3657598.0,73.676,"Janssen - Ad26.COV 2.5, Moderna - mRNA-1273, AstraZeneca - AZD1222, Pfizer BioNTech - Comirnaty",,4.0
98,Isle of Man,IMN,EURO,OWID,2021-09-24,129302.0,65461.0,152.063,76.984,63841.0,75.079,"AstraZeneca - AZD1222, Pfizer BioNTech - Comirnaty",,2.0
99,Israel,ISR,EURO,OWID,2021-09-26,14929278.0,6091332.0,172.482,70.375,5616849.0,64.893,"Moderna - mRNA-1273, Pfizer BioNTech - Comirnaty",,2.0
100,Italy,ITA,EURO,OWID,2021-09-26,83986620.0,44873673.0,140.819,75.239,40538643.0,67.971,"Janssen - Ad26.COV 2.5, Moderna - mRNA-1273, AstraZeneca - AZD1222, Pfizer BioNTech - Comirnaty",,4.0
101,Jamaica,JAM,AMRO,REPORTING,2021-09-24,715860.0,518836.0,24.175,17.521,220722.0,7.454,"AstraZeneca - Vaxzevria,Janssen - Ad26.COV 2.5,Pfizer BioNTech - Comirnaty,SII - Covishield",2021-03-10,4.0
102,Japan,JPN,WPRO,REPORTING,2021-09-12,144312589.0,79835876.0,114.102,63.123,64476713.0,50.979,"AstraZeneca - Vaxzevria,Moderna - mRNA-1273,Novavax - Covavax,Pfizer BioNTech - Comirnaty",2021-02-17,4.0
103,Jersey,JEY,EURO,OWID,2021-09-19,150891.0,76998.0,139.978,71.429,73893.0,68.549,"Moderna - mRNA-1273, AstraZeneca - AZD1222, Pfizer BioNTech - Comirnaty",,3.0
104,Jordan,JOR,EMRO,REPORTING,2021-09-25,6903943.0,3668113.0,67.665,35.951,3235830.0,31.714,"AstraZeneca - Vaxzevria,Beijing CNBG - BBIBP-CorV,Gamaleya - Sputnik V,Janssen - Ad26.COV 2.5,Moderna - mRNA-1273,Pfizer BioNTech - Comirnaty",2021-01-13,6.0
105,Kazakhstan,KAZ,EURO,OWID,2021-09-26,13901899.0,7508100.0,74.038,39.986,6393799.0,34.052,"QazVac, Sinopharm/HayatVax, Gamaleya - Sputnik V",,3.0
106,Kenya,KEN,AFRO,REPORTING,2021-09-26,3613357.0,2724742.0,6.72,5.067,888615.0,1.653,SII - Covishield,2021-03-05,1.0
107,Kiribati,KIR,WPRO,REPORTING,2021-09-10,36258.0,29429.0,30.354,24.637,6829.0,5.717,"AstraZeneca - Vaxzevria,Beijing CNBG - BBIBP-CorV",2021-05-26,2.0
108,Kosovo,XKX,EURO,OWID,2021-09-26,1274156.0,770658.0,70.957,42.918,503498.0,28.04,"AstraZeneca - AZD1222, Pfizer BioNTech - Comirnaty",,2.0
109,Kuwait,KWT,EMRO,REPORTING,2021-08-04,2380000.0,,55.73,,,,"AstraZeneca - Vaxzevria,Beijing CNBG - BBIBP-CorV,Janssen - Ad26.COV 2.5,Moderna - mRNA-1273,Pfizer BioNTech - Comirnaty",2020-12-28,5.0
110,Kyrgyzstan,KGZ,EURO,OWID,2021-09-26,1407167.0,805902.0,21.568,12.353,596568.0,9.144,"Beijing CNBG - Inactivated, Gamaleya - Sputnik V",,2.0
111,Lao People's Democratic Republic,LAO,WPRO,REPORTING,2021-09-11,3664650.0,2656850.0,50.369,36.517,1857709.0,25.534,"AstraZeneca - Vaxzevria,Beijing CNBG - BBIBP-CorV,Gamaleya - Sputnik V,Janssen - Ad26.COV 2.5,Pfizer BioNTech - Comirnaty,SII - Covishield,Sinovac - CoronaVac",2020-11-25,7.0
112,Latvia,LVA,EURO,OWID,2021-09-22,1596437.0,894490.0,83.685,46.889,816629.0,42.808,"Janssen - Ad26.COV 2.5, Moderna - mRNA-1273, AstraZeneca - AZD1222, Pfizer BioNTech - Comirnaty",,4.0
113,Lebanon,LBN,EMRO,REPORTING,2021-09-20,2929966.0,1608545.0,42.927,23.567,1321421.0,19.36,"AstraZeneca - Vaxzevria,Beijing CNBG - BBIBP-CorV,Gamaleya - Sputnik V,Pfizer BioNTech - Comirnaty",2021-02-14,4.0
114,Lesotho,LSO,AFRO,REPORTING,2021-09-20,332954.0,249173.0,15.542,11.631,238727.0,11.144,SII - Covishield,2021-03-10,1.0
115,Liberia,LBR,AFRO,REPORTING,2021-09-27,284246.0,86288.0,5.62,1.706,188823.0,3.733,SII - Covishield,2021-04-01,1.0
116,Libya,LBY,EMRO,REPORTING,2021-09-25,1546967.0,1359693.0,22.513,19.788,187274.0,2.725,"AstraZeneca - Vaxzevria,Beijing CNBG - BBIBP-CorV,Gamaleya - Sputnik V,Janssen - Ad26.COV 2.5,Moderna - mRNA-1273,Pfizer BioNTech - Comirnaty,Sinovac - CoronaVac",2021-04-11,7.0
117,Liechtenstein,LIE,OTHER,OWID,2021-09-23,46380.0,24341.0,119.7,62.82,22563.0,58.232,"Moderna - mRNA-1273, Pfizer BioNTech - Comirnaty",,2.0
118,Lithuania,LTU,EURO,OWID,2021-09-20,3339375.0,1720488.0,119.516,61.576,1618887.0,57.94,"Janssen - Ad26.COV 2.5, Moderna - mRNA-1273, AstraZeneca - AZD1222, Pfizer BioNTech - Comirnaty",,4.0
119,Luxembourg,LUX,EURO,OWID,2021-09-17,777789.0,414577.0,124.226,66.215,,,"Janssen - Ad26.COV 2.5, Moderna - mRNA-1273, AstraZeneca - AZD1222, Pfizer BioNTech - Comirnaty",,4.0
120,Madagascar,MDG,AFRO,REPORTING,2021-09-27,417648.0,197001.0,1.508,0.711,220647.0,0.797,SII - Covishield,2021-05-10,1.0
121,Malawi,MWI,AFRO,REPORTING,2021-09-26,1087426.0,781143.0,5.684,4.083,489199.0,2.557,SII - Covishield,2021-03-11,1.0
122,Malaysia,MYS,WPRO,REPORTING,2021-09-10,37395688.0,21080152.0,115.54,65.131,16680780.0,51.538,"AstraZeneca - Vaxzevria,CanSino - Ad5-nCOV,Gamaleya - Sputnik V,Pfizer BioNTech - Comirnaty,Sinovac - CoronaVac",2021-02-24,5.0
123,Maldives,MDV,SEARO,REPORTING,2021-09-20,723682.0,391153.0,133.88,72.363,332529.0,61.517,"AstraZeneca - Vaxzevria,Beijing CNBG - BBIBP-CorV,Gamaleya - Sputnik V,Janssen - Ad26.COV 2.5,Moderna - mRNA-1273,Pfizer BioNTech - Comirnaty,SII - Covishield,Sinovac - CoronaVac",2021-02-01,8.0
124,Mali,MLI,AFRO,REPORTING,2021-09-27,405053.0,316293.0,2.0,1.562,231811.0,1.145,SII - Covishield,2021-03-31,1.0
125,Malta,MLT,EURO,OWID,2021-09-25,816727.0,420211.0,158.722,81.664,420088.0,81.64,"Janssen - Ad26.COV 2.5, Moderna - mRNA-1273, AstraZeneca - AZD1222, Pfizer BioNTech - Comirnaty",,4.0
126,Marshall Islands,MHL,WPRO,REPORTING,2021-09-14,38923.0,21704.0,65.755,36.666,19017.0,32.127,"Janssen - Ad26.COV 2.5,Moderna - mRNA-1273,Pfizer BioNTech - Comirnaty",2020-12-29,3.0
127,Martinique,MTQ,AMRO,REPORTING,2021-09-24,208760.0,114933.0,55.63,30.627,93827.0,25.003,Pfizer BioNTech - Comirnaty,,1.0
128,Mauritania,MRT,AFRO,REPORTING,2021-09-27,890122.0,320535.0,19.144,6.894,569587.0,12.25,"Beijing CNBG - BBIBP-CorV,SII - Covishield",2021-03-26,2.0
129,Mauritius,MUS,AFRO,REPORTING,2021-09-22,1633952.0,845164.0,128.479,66.456,786438.0,61.838,"Beijing CNBG - BBIBP-CorV,Bharat - Covaxin,SII - Covishield",2021-01-26,3.0
130,Mexico,MEX,AMRO,REPORTING,2021-09-24,97523713.0,62911164.0,75.639,48.794,43248659.0,33.544,"AstraZeneca - Vaxzevria,CanSino - Ad5-nCOV,Gamaleya - Sputnik V,Janssen - Ad26.COV 2.5,Moderna - mRNA-1273,Pfizer BioNTech - Comirnaty,Sinovac - CoronaVac",2020-12-24,7.0
131,Micronesia (Federated States of),FSM,WPRO,REPORTING,2021-09-14,67963.0,43235.0,59.086,37.588,35957.0,31.261,"AstraZeneca - Vaxzevria,Janssen - Ad26.COV 2.5,Moderna - mRNA-1273,Pfizer BioNTech - Comirnaty",2021-01-13,4.0
132,Monaco,MCO,EURO,OWID,2021-09-16,49980.0,26672.0,127.357,67.965,23308.0,59.393,Pfizer BioNTech - Comirnaty,,1.0
133,Mongolia,MNG,WPRO,REPORTING,2021-09-10,4545348.0,2245997.0,138.65,68.511,2112809.0,64.449,"AstraZeneca - Vaxzevria,Beijing CNBG - BBIBP-CorV,Gamaleya - Sputnik V,Moderna - mRNA-1273,Pfizer BioNTech - Comirnaty,SII - Covishield",2021-02-23,6.0
134,Montenegro,MNE,EURO,OWID,2021-09-26,446806.0,237797.0,71.14,37.862,209009.0,33.278,"AstraZeneca - AZD1222, Pfizer BioNTech - Comirnaty, Beijing CNBG - Inactivated, Gamaleya - Sputnik V",,4.0
135,Montserrat,MSR,AMRO,REPORTING,2021-09-24,2871.0,1483.0,57.431,29.666,1388.0,27.766,AstraZeneca - Vaxzevria,2021-02-08,1.0
136,Morocco,MAR,EMRO,REPORTING,2021-09-25,40273386.0,21915897.0,109.111,59.376,18357489.0,49.735,"AstraZeneca - Vaxzevria,Beijing CNBG - BBIBP-CorV,Gamaleya - Sputnik V,Janssen - Ad26.COV 2.5,Pfizer BioNTech - Comirnaty",2021-01-28,5.0
137,Mozambique,MOZ,AFRO,REPORTING,2021-09-14,3644423.0,1903730.0,11.66,6.091,1740693.0,5.569,"Beijing CNBG - BBIBP-CorV,SII - Covishield",2021-03-08,2.0
138,Myanmar,MMR,SEARO,REPORTING,2021-09-18,9001616.0,5530365.0,16.544,10.164,3471251.0,6.38,"Beijing CNBG - BBIBP-CorV,SII - Covishield",2021-01-27,2.0
139,Namibia,NAM,AFRO,REPORTING,2021-09-26,279829.0,258344.0,11.013,10.167,173701.0,6.836,"Beijing CNBG - BBIBP-CorV,SII - Covishield",2021-03-19,2.0
140,Nauru,NRU,WPRO,REPORTING,2021-08-20,14790.0,7612.0,136.515,70.26,7178.0,66.254,"AstraZeneca - Vaxzevria,SII - Covishield",2021-04-09,2.0
141,Nepal,NPL,SEARO,REPORTING,2021-09-20,11804373.0,6215856.0,40.514,21.333,5588517.0,19.18,"AstraZeneca - Vaxzevria,Beijing CNBG - BBIBP-CorV,Bharat - Covaxin,Gamaleya - Sputnik V,Janssen - Ad26.COV 2.5,SII - Covishield",2021-01-27,6.0
142,Netherlands,NLD,EURO,OWID,2021-09-26,22272373.0,12116976.0,127.946,69.607,10962160.0,62.973,"Janssen - Ad26.COV 2.5, Moderna - mRNA-1273, AstraZeneca - AZD1222, Pfizer BioNTech - Comirnaty",,4.0
143,New Caledonia,NCL,WPRO,REPORTING,2021-09-11,175794.0,100429.0,61.575,35.177,75365.0,26.398,Pfizer BioNTech - Comirnaty,2021-01-20,1.0
144,New Zealand,NZL,WPRO,REPORTING,2021-09-10,4229686.0,2803535.0,87.712,58.138,1426151.0,29.574,"AstraZeneca - Vaxzevria,Janssen - Ad26.COV 2.5,Novavax - Covavax,Pfizer BioNTech - Comirnaty",2021-02-19,4.0
145,Nicaragua,NIC,AMRO,REPORTING,2021-09-24,788502.0,502324.0,11.903,7.583,286178.0,4.32,"AstraZeneca - Vaxzevria,Gamaleya - Sputnik V,SII - Covishield",2021-03-02,3.0
146,Niger,NER,AFRO,REPORTING,2021-09-22,512294.0,405918.0,2.116,1.677,106376.0,0.439,"Beijing CNBG - BBIBP-CorV,SII - Covishield",2021-03-29,2.0
147,Nigeria,NGA,AFRO,REPORTING,2021-09-25,6552979.0,4685526.0,3.179,2.273,1867453.0,0.906,SII - Covishield,2021-03-05,1.0
148,Niue,NIU,WPRO,REPORTING,2021-08-02,2352.0,1202.0,145.365,74.289,1150.0,71.075,Pfizer BioNTech - Comirnaty,2021-06-08,1.0
149,North Macedonia,MKD,EURO,OWID,2021-09-25,1495762.0,781627.0,71.795,37.517,714135.0,34.278,"AstraZeneca - AZD1222, Pfizer BioNTech - Comirnaty, Beijing CNBG - Inactivated, Sinovac - CoronaVac, Gamaleya - Sputnik V",,5.0
150,Northern Mariana Islands (Commonwealth of the),MNP,WPRO,REPORTING,2021-09-10,68474.0,35268.0,118.967,61.275,33978.0,59.034,"Janssen - Ad26.COV 2.5,Moderna - mRNA-1273,Pfizer BioNTech - Comirnaty",2020-12-19,3.0
151,Norway,NOR,EURO,OWID,2021-09-23,7728221.0,4123472.0,143.98,76.822,3604749.0,67.158,"Moderna - mRNA-1273, Pfizer BioNTech - Comirnaty",,2.0
152,occupied Palestinian territory,PSE,EMRO,REPORTING,2021-09-06,1206277.0,741385.0,23.646,14.533,464892.0,9.113,"AstraZeneca - Vaxzevria,Beijing CNBG - BBIBP-CorV,Gamaleya - Sputnik V,Janssen - Ad26.COV 2.5,Moderna - mRNA-1273,Pfizer BioNTech - Comirnaty,Sinovac - CoronaVac",2021-02-02,7.0
153,Oman,OMN,EMRO,REPORTING,2021-09-20,4636486.0,2810262.0,90.794,55.032,1826224.0,35.762,"AstraZeneca - Vaxzevria,Gamaleya - Sputnik V,Pfizer BioNTech - Comirnaty,SII - Covishield,Sinovac - CoronaVac",2020-12-29,5.0
154,Pakistan,PAK,EMRO,REPORTING,2021-09-23,75955215.0,30333179.0,34.386,13.732,25590786.0,11.585,"Beijing CNBG - BBIBP-CorV,Bharat - Covaxin,CanSino - Ad5-nCOV,Gamaleya - Sputnik V,Moderna - mRNA-1273,Pfizer BioNTech - Comirnaty,SII - Covishield,Sinovac - CoronaVac",2021-02-03,8.0
155,Palau,PLW,WPRO,REPORTING,2021-09-14,29734.0,17177.0,164.349,94.943,14854.0,82.103,"Janssen - Ad26.COV 2.5,Moderna - mRNA-1273,Pfizer BioNTech - Comirnaty",2021-01-03,3.0
156,Panama,PAN,AMRO,REPORTING,2021-09-24,5367816.0,2939999.0,124.406,68.138,2427817.0,56.268,"AstraZeneca - Vaxzevria,Pfizer BioNTech - Comirnaty",2021-01-20,2.0
157,Papua New Guinea,PNG,WPRO,REPORTING,2021-09-13,164776.0,119996.0,1.842,1.341,45074.0,0.504,"AstraZeneca - Vaxzevria,Beijing CNBG - BBIBP-CorV,Janssen - Ad26.COV 2.5,SII - Covishield",2021-03-30,4.0
158,Paraguay,PRY,AMRO,REPORTING,2021-09-24,4488153.0,2621847.0,62.925,36.759,1866306.0,26.166,"AstraZeneca - Vaxzevria,Beijing CNBG - BBIBP-CorV,Bharat - Covaxin,Gamaleya - Sputnik V,Moderna - mRNA-1273,Pfizer BioNTech - Comirnaty,Sinovac - CoronaVac",2021-02-22,7.0
159,Peru,PER,AMRO,REPORTING,2021-09-24,24652540.0,14929976.0,74.768,45.281,9722564.0,29.487,"AstraZeneca - Vaxzevria,Beijing CNBG - BBIBP-CorV,Pfizer BioNTech - Comirnaty,Wuhan CNBG - Inactivated",2021-02-09,4.0
160,Philippines,PHL,WPRO,REPORTING,2021-09-09,37728114.0,25195827.0,34.429,22.993,16138934.0,14.728,"AstraZeneca - Vaxzevria,Beijing CNBG - BBIBP-CorV,Bharat - Covaxin,Gamaleya - Sputnik V,Janssen - Ad26.COV 2.5,Moderna - mRNA-1273,Novavax - Covavax,Pfizer BioNTech - Comirnaty,Sinovac - CoronaVac",2021-03-01,9.0
161,Pitcairn Islands,PCN,WPRO,REPORTING,2021-07-22,73.0,37.0,146.0,74.0,36.0,72.0,AstraZeneca - Vaxzevria,2021-05-17,1.0
162,Poland,POL,EURO,OWID,2021-09-25,37147012.0,19756349.0,97.863,52.048,19374121.0,51.041,"Janssen - Ad26.COV 2.5, Moderna - mRNA-1273, AstraZeneca - AZD1222, Pfizer BioNTech - Comirnaty",,4.0
163,Portugal,PRT,EURO,OWID,2021-09-26,15944324.0,8930150.0,154.861,86.735,8630748.0,83.827,"Janssen - Ad26.COV 2.5, Moderna - mRNA-1273, AstraZeneca - AZD1222, Pfizer BioNTech - Comirnaty",,4.0
164,Puerto Rico,PRI,AMRO,REPORTING,2021-09-24,4610347.0,2529526.0,161.153,88.419,2211539.0,77.303,"Janssen - Ad26.COV 2.5,Moderna - mRNA-1273,Pfizer BioNTech - Comirnaty",,3.0
165,Qatar,QAT,EMRO,REPORTING,2021-09-26,4692503.0,2134729.0,162.875,74.095,1816789.0,63.06,"AstraZeneca - Vaxzevria,Janssen - Ad26.COV 2.5,Moderna - mRNA-1273,Pfizer BioNTech - Comirnaty",2020-12-23,4.0
166,Republic of Korea,KOR,WPRO,REPORTING,2021-09-13,51832703.0,33130333.0,101.099,64.62,20036176.0,39.08,"AstraZeneca - Vaxzevria,Janssen - Ad26.COV 2.5,Moderna - mRNA-1273,Novavax - Covavax,Pfizer BioNTech - Comirnaty",2021-02-26,5.0
167,Republic of Moldova,MDA,EURO,OWID,2021-09-26,1383749.0,,34.302,,770910.0,19.11,"Janssen - Ad26.COV 2.5, AstraZeneca - AZD1222, Pfizer BioNTech - Comirnaty, Beijing CNBG - Inactivated, Gamaleya - Sputnik V",,5.0
168,Romania,ROU,EURO,OWID,2021-09-25,10043006.0,5453615.0,51.959,28.215,5320352.0,27.525,"Janssen - Ad26.COV 2.5, Moderna - mRNA-1273, AstraZeneca - AZD1222, Pfizer BioNTech - Comirnaty",,4.0
169,Russian Federation,RUS,EURO,OWID,2021-09-26,89301130.0,47594992.0,61.193,32.614,41706138.0,28.579,"SRCVB - EpiVacCorona, Gamaleya - Sputnik V",,2.0
170,Rwanda,RWA,AFRO,REPORTING,2021-09-24,3340448.0,2029038.0,25.791,15.666,1466966.0,11.326,"Moderna - mRNA-1273,Pfizer BioNTech - Comirnaty,SII - Covishield",2021-02-14,3.0
171,Saba,XCA,AMRO,REPORTING,2021-09-24,1300.0,,67.253,,1300.0,67.253,,,
172,Saint Helena,SHN,AFRO,OWID,2021-05-05,7892.0,4361.0,129.995,71.833,3531.0,58.162,AstraZeneca - AZD1222,,1.0
173,Saint Kitts and Nevis,KNA,AMRO,REPORTING,2021-09-24,47098.0,25178.0,88.543,47.334,21920.0,41.209,"AstraZeneca - Vaxzevria,Pfizer BioNTech - Comirnaty,SII - Covishield",2021-02-22,3.0
174,Saint Lucia,LCA,AMRO,REPORTING,2021-09-24,74492.0,44292.0,40.567,24.121,30200.0,16.446,"AstraZeneca - Vaxzevria,Pfizer BioNTech - Comirnaty,SII - Covishield",2021-02-17,3.0
175,Saint Vincent and the Grenadines,VCT,AMRO,REPORTING,2021-09-24,33077.0,19984.0,29.815,18.013,13093.0,11.802,"AstraZeneca - Vaxzevria,Gamaleya - Sputnik V,Pfizer BioNTech - Comirnaty,SII - Covishield",2021-02-01,4.0
176,Samoa,WSM,WPRO,REPORTING,2021-09-10,142216.0,96865.0,71.676,48.82,45351.0,22.857,AstraZeneca - Vaxzevria,2021-04-18,1.0
177,San Marino,SMR,EURO,OWID,2021-09-22,47084.0,24422.0,138.735,71.961,24422.0,71.961,"Pfizer BioNTech - Comirnaty, Gamaleya - Sputnik V",,2.0
178,Sao Tome and Principe,STP,AFRO,REPORTING,2021-09-24,82679.0,60559.0,37.726,27.632,22120.0,10.093,"AstraZeneca - Vaxzevria,SII - Covishield",2021-03-15,2.0
179,Saudi Arabia,SAU,EMRO,REPORTING,2021-09-26,41570789.0,23250555.0,119.409,66.785,18320234.0,52.623,"AstraZeneca - Vaxzevria,Janssen - Ad26.COV 2.5,Moderna - mRNA-1273,Pfizer BioNTech - Comirnaty",2021-01-06,4.0
180,Senegal,SEN,AFRO,REPORTING,2021-09-27,1765380.0,1241276.0,10.543,7.413,827345.0,4.941,"Beijing CNBG - BBIBP-CorV,SII - Covishield",2021-02-23,2.0
181,Serbia,SRB,EURO,OWID,2021-09-26,6409263.0,3022660.0,92.53,43.638,2884386.0,41.642,"AstraZeneca - AZD1222, Pfizer BioNTech - Comirnaty, Beijing CNBG - Inactivated, Gamaleya - Sputnik V",,4.0
182,Seychelles,SYC,AFRO,REPORTING,2021-09-16,148402.0,77311.0,150.896,78.61,71091.0,72.286,"Beijing CNBG - BBIBP-CorV,SII - Covishield",2021-01-10,2.0
183,Sierra Leone,SLE,AFRO,REPORTING,2021-09-27,232375.0,189641.0,2.913,2.377,42734.0,0.536,"Beijing CNBG - BBIBP-CorV,SII - Covishield",2021-03-15,2.0
184,Singapore,SGP,WPRO,REPORTING,2021-09-10,8846497.0,4551854.0,151.213,77.805,4411550.0,75.407,"AstraZeneca - Vaxzevria,Moderna - mRNA-1273,Pfizer BioNTech - Comirnaty",2020-12-30,3.0
185,Sint Eustatius,XBA,AMRO,REPORTING,2021-09-24,2800.0,1449.0,89.2,46.161,1351.0,43.039,,,
186,Sint Maarten,SXM,AMRO,REPORTING,2021-09-24,49310.0,25721.0,114.99,59.981,23589.0,55.009,"AstraZeneca - Vaxzevria,Moderna - mRNA-1273,Pfizer BioNTech - Comirnaty",2021-02-22,3.0
187,Slovakia,SVK,EURO,OWID,2021-09-24,4673547.0,2432865.0,85.629,44.575,2240682.0,41.054,"Moderna - mRNA-1273, AstraZeneca - AZD1222, Pfizer BioNTech - Comirnaty",,3.0
188,Slovenia,SVN,EURO,OWID,2021-09-26,2104272.0,1115416.0,100.401,53.22,988856.0,47.181,"AstraZeneca - AZD1222, Pfizer BioNTech - Comirnaty",,2.0
189,Solomon Islands,SLB,WPRO,REPORTING,2021-09-10,97744.0,74573.0,14.23,10.857,23171.0,3.373,"AstraZeneca - Vaxzevria,Beijing CNBG - BBIBP-CorV,SII - Covishield",2021-03-23,3.0
190,Somalia,SOM,EMRO,REPORTING,2021-09-26,464359.0,250415.0,2.922,1.576,213944.0,1.346,"Beijing CNBG - BBIBP-CorV,Janssen - Ad26.COV 2.5,SII - Covishield,Sinovac - CoronaVac",2021-03-16,4.0
191,South Africa,ZAF,AFRO,REPORTING,2021-09-26,16827790.0,8436170.0,28.373,14.224,8391620.0,14.149,Janssen - Ad26.COV 2.5,2021-02-17,1.0
192,South Sudan,SSD,AFRO,REPORTING,2021-09-23,103751.0,74198.0,0.927,0.663,29553.0,0.264,SII - Covishield,2021-04-06,1.0
193,Spain,ESP,EURO,OWID,2021-09-23,69740837.0,37571186.0,147.342,79.377,36335711.0,76.767,"Janssen - Ad26.COV 2.5, Moderna - mRNA-1273, AstraZeneca - AZD1222, Pfizer BioNTech - Comirnaty",,4.0
194,Sri Lanka,LKA,SEARO,REPORTING,2021-09-21,25110877.0,13906987.0,117.268,64.946,11203890.0,52.322,"AstraZeneca - Vaxzevria,Beijing CNBG - BBIBP-CorV,Gamaleya - Sputnik V,Moderna - mRNA-1273,Pfizer BioNTech - Comirnaty,SII - Covishield",2021-01-29,6.0
195,Sudan,SDN,EMRO,REPORTING,2021-09-26,1650828.0,472484.0,3.765,1.078,731845.0,1.669,"Beijing CNBG - BBIBP-CorV,Janssen - Ad26.COV 2.5,Pfizer BioNTech - Comirnaty,SII - Covishield,Sinovac - CoronaVac",2021-03-09,5.0
196,Suriname,SUR,AMRO,REPORTING,2021-09-24,387552.0,222408.0,66.064,37.913,165144.0,28.151,"AstraZeneca - Vaxzevria,Beijing CNBG - BBIBP-CorV,Moderna - mRNA-1273,Pfizer BioNTech - Comirnaty,SII - Covishield",2021-02-23,5.0
197,Sweden,SWE,EURO,OWID,2021-09-24,13607052.0,7123838.0,131.754,68.979,6481560.0,62.76,"Moderna - mRNA-1273, AstraZeneca - AZD1222, Pfizer BioNTech - Comirnaty",,3.0
198,Switzerland,CHE,EURO,OWID,2021-09-23,10266591.0,5447361.0,118.626,62.942,4695201.0,54.251,"Moderna - mRNA-1273, Pfizer BioNTech - Comirnaty",,2.0
199,Syrian Arab Republic,SYR,EMRO,REPORTING,2021-09-13,533949.0,285087.0,3.051,1.629,248862.0,1.422,"Beijing CNBG - BBIBP-CorV,Gamaleya - Sputnik V,Janssen - Ad26.COV 2.5,SII - Covishield,Sinovac - CoronaVac",2021-04-01,5.0
200,Tajikistan,TJK,EURO,OWID,2021-09-20,3872421.0,2307140.0,40.601,24.19,1565281.0,16.412,"Moderna - mRNA-1273, AstraZeneca - AZD1222, Sinovac - CoronaVac",,3.0
201,Thailand,THA,SEARO,REPORTING,2021-09-19,43864450.0,28893133.0,62.843,41.394,14971317.0,21.449,"AstraZeneca - Vaxzevria,Beijing CNBG - BBIBP-CorV,Janssen - Ad26.COV 2.5,Moderna - mRNA-1273,Pfizer BioNTech - Comirnaty,SII - Covishield,Sinovac - CoronaVac",2021-02-28,7.0
202,The United Kingdom,GBR,EURO,REPORTING,2021-09-21,93059140.0,48593019.0,137.1,71.397,44352641.0,65.334,"AstraZeneca - Vaxzevria,Moderna - mRNA-1273,Pfizer BioNTech - Comirnaty",2020-12-21,3.0
203,Timor-Leste,TLS,SEARO,REPORTING,2021-09-21,675891.0,424568.0,51.264,32.202,251323.0,19.062,"AstraZeneca - Vaxzevria,SII - Covishield,Sinovac - CoronaVac",2021-04-07,3.0
204,Togo,TGO,AFRO,REPORTING,2021-09-24,997632.0,595491.0,12.051,7.193,402141.0,4.858,SII - Covishield,2021-03-10,1.0
205,Tokelau,TKL,WPRO,REPORTING,2021-08-03,968.0,968.0,71.704,71.704,,,Pfizer BioNTech - Comirnaty,2021-07-20,1.0
206,Tonga,TON,WPRO,REPORTING,2021-09-13,73603.0,46126.0,69.637,43.641,27477.0,25.996,AstraZeneca - Vaxzevria,2021-04-14,1.0
207,Trinidad and Tobago,TTO,AMRO,REPORTING,2021-09-24,1037412.0,578632.0,74.128,41.346,473097.0,33.805,"AstraZeneca - Vaxzevria,Beijing CNBG - BBIBP-CorV,Janssen - Ad26.COV 2.5,Pfizer BioNTech - Comirnaty,SII - Covishield",2021-02-17,5.0
208,Tunisia,TUN,EMRO,REPORTING,2021-09-18,7132375.0,4656510.0,60.349,39.4,3209273.0,27.154,"AstraZeneca - Vaxzevria,Beijing CNBG - BBIBP-CorV,Gamaleya - Sputnik V,Janssen - Ad26.COV 2.5,Moderna - mRNA-1273,Pfizer BioNTech - Comirnaty,Sinovac - CoronaVac",2021-03-13,7.0
209,Turkey,TUR,EURO,OWID,2021-09-26,107840404.0,53443024.0,127.865,63.367,43560247.0,51.649,"Pfizer BioNTech - Comirnaty, Sinovac - CoronaVac",,2.0
210,Turkmenistan,TKM,EURO,OWID,2021-04-04,41993.0,32240.0,0.696,0.535,9753.0,0.162,"SRCVB - EpiVacCorona, AstraZeneca - AZD1222, Beijing CNBG - Inactivated, Gamaleya - Sputnik V",,4.0
211,Turks and Caicos Islands,TCA,AMRO,REPORTING,2021-09-24,52374.0,27446.0,135.27,70.887,24928.0,64.383,Pfizer BioNTech - Comirnaty,2021-01-11,1.0
212,Tuvalu,TUV,WPRO,REPORTING,2021-09-10,10861.0,6209.0,92.105,52.654,4652.0,39.45,AstraZeneca - Vaxzevria,2021-04-13,1.0
213,Uganda,UGA,AFRO,REPORTING,2021-09-17,1643067.0,1227581.0,3.592,2.684,415486.0,0.908,SII - Covishield,2021-03-10,1.0
214,Ukraine,UKR,EURO,OWID,2021-09-26,12240363.0,6781450.0,27.988,15.506,5458913.0,12.482,"Moderna - mRNA-1273, AstraZeneca - AZD1222, Pfizer BioNTech - Comirnaty, Sinovac - CoronaVac",,4.0
215,United Arab Emirates,ARE,EMRO,REPORTING,2021-09-26,19856161.0,,200.762,,,,"AstraZeneca - Vaxzevria,Beijing CNBG - BBIBP-CorV,Gamaleya - Sputnik V,Pfizer BioNTech - Comirnaty,SII - Covishield",2020-12-14,5.0
216,United Republic of Tanzania,TZA,AFRO,REPORTING,2021-09-24,389807.0,0.0,0.653,0.0,366485.0,0.614,Janssen - Ad26.COV 2.5,,1.0
217,United States of America,USA,AMRO,REPORTING,2021-09-24,389142237.0,221165913.0,117.565,66.817,182910008.0,55.259,"Janssen - Ad26.COV 2.5,Moderna - mRNA-1273,Pfizer BioNTech - Comirnaty",2020-12-14,3.0
218,Uruguay,URY,AMRO,REPORTING,2021-09-24,6132570.0,2725243.0,176.541,78.453,2561880.0,73.75,"AstraZeneca - Vaxzevria,Pfizer BioNTech - Comirnaty,Sinovac - CoronaVac",2021-02-27,3.0
219,Uzbekistan,UZB,EURO,OWID,2021-09-21,18526941.0,,55.355,,3700000.0,11.055,"AstraZeneca - AZD1222, Gamaleya - Sputnik V, ZF2001",,3.0
220,Vanuatu,VUT,WPRO,REPORTING,2021-09-12,57171.0,42840.0,18.614,13.948,14345.0,4.67,"AstraZeneca - Vaxzevria,Beijing CNBG - BBIBP-CorV",2021-06-02,2.0
221,Venezuela (Bolivarian Republic of),VEN,AMRO,REPORTING,2021-09-24,11094206.0,6822809.0,39.015,23.994,4261397.0,14.986,"Beijing CNBG - BBIBP-CorV,Gamaleya - Sputnik V,Wuhan CNBG - Inactivated",2021-02-22,3.0
222,Viet Nam,VNM,WPRO,REPORTING,2021-09-10,25926688.0,21459102.0,26.636,22.046,4467586.0,4.59,"AstraZeneca - Vaxzevria,Beijing CNBG - BBIBP-CorV,Gamaleya - Sputnik V,Moderna - mRNA-1273,Pfizer BioNTech - Comirnaty",2021-03-08,5.0
223,Wallis and Futuna,WLF,WPRO,REPORTING,2021-09-09,9902.0,4952.0,88.049,44.033,4950.0,44.016,Moderna - mRNA-1273,2021-03-19,1.0
224,Yemen,YEM,EMRO,REPORTING,2021-09-12,322934.0,308025.0,1.083,1.033,14909.0,0.05,"Janssen - Ad26.COV 2.5,SII - Covishield",2021-04-20,2.0
225,Zambia,ZMB,AFRO,REPORTING,2021-09-20,697261.0,313240.0,3.793,1.704,339852.0,1.849,SII - Covishield,2021-04-14,1.0
226,Zimbabwe,ZWE,AFRO,REPORTING,2021-09-24,5165977.0,3008335.0,34.757,20.241,2157642.0,14.517,"Beijing CNBG - BBIBP-CorV,Bharat - Covaxin,Sinovac - CoronaVac",2021-02-18,3.0
